{"cameraMode":{"drawMode":0,"name":"Shaded","section":"Shading Mode"},"sceneLighting":true,"audioPlay":false,"sceneViewState":{"showFog":true,"showMaterialUpdate":true,"showSkybox":true,"showFlares":true,"showImageEffects":true,"showParticleSystems":true},"in2DMode":false,"pivot":{"x":-2.774259090423584,"y":-11.125274658203125,"z":20.906829833984376},"rotation":{"x":-0.051434554159641269,"y":0.7277804017066956,"z":-0.054912302643060687,"w":-0.6816756725311279},"size":13.52180290222168,"orthographic":false}