{"cameraMode":{"drawMode":0,"name":"Shaded","section":"Shading Mode"},"sceneLighting":false,"audioPlay":false,"sceneViewState":{"showFog":true,"showMaterialUpdate":true,"showSkybox":false,"showFlares":true,"showImageEffects":true,"showParticleSystems":true},"in2DMode":false,"pivot":{"x":-0.9969158172607422,"y":-0.1999722123146057,"z":0.5674161911010742},"rotation":{"x":-0.07348066568374634,"y":0.6420691609382629,"z":-0.06202859804034233,"w":-0.760595977306366},"size":3.400601863861084,"orthographic":false}